,City,Cloudiness,Country,Date,Humidity,Max Temp,Lat,Lng,Wind Speed,Current Discription
0,flinders,57,AU,1626374577,80,57.06,-34.5833,150.8552,1.01,broken clouds
1,mahebourg,75,MU,1626374577,78,71.89,-20.4081,57.7,13.8,light rain
2,tuy hoa,100,VN,1626374455,91,76.08,13.0833,109.3,6.4,overcast clouds
3,jamestown,75,US,1626374558,61,84.18,42.097,-79.2353,8.99,broken clouds
4,sorland,100,NO,1626374578,88,51.87,67.667,12.6934,42.77,light rain
5,rikitea,5,PF,1626374579,73,73.11,-23.1203,-134.9692,9.37,clear sky
6,port alfred,0,ZA,1626374579,56,56.14,-33.5906,26.891,5.73,clear sky
7,yazman,96,PK,1626374579,38,100.31,29.1212,71.7446,7.45,overcast clouds
8,hermanus,0,ZA,1626374580,66,55.9,-34.4187,19.2345,3.94,clear sky
9,busselton,100,AU,1626374580,75,53.1,-33.65,115.3333,14.5,overcast clouds
10,yellowknife,90,CA,1626374376,93,50.56,62.456,-114.3525,4.0,light intensity shower rain
11,butaritari,100,KI,1626374581,76,83.68,3.0707,172.7902,17.07,light rain
12,los llanos de aridane,75,ES,1626374581,83,73.13,28.6585,-17.9182,17.27,broken clouds
13,cape town,0,ZA,1626374535,71,56.12,-33.9258,18.4232,5.75,clear sky
14,punta arenas,90,CL,1626374492,100,37.51,-53.15,-70.9167,4.61,light rain
15,kapaa,75,US,1626374365,75,79.12,22.0752,-159.319,3.0,light rain
16,khatanga,100,RU,1626374583,75,49.51,71.9667,102.5,5.55,overcast clouds
17,komsomolskiy,45,UZ,1626374583,34,79.52,40.4272,71.7189,4.61,scattered clouds
18,kamina,8,CD,1626374584,35,66.45,-8.7386,24.9906,4.23,clear sky
19,palasa,100,IN,1626374584,86,81.5,18.7667,84.4167,5.55,overcast clouds
20,tibiri,20,NE,1626374585,66,86.34,13.5627,7.0485,13.8,few clouds
21,vigrestad,0,NO,1626374585,76,63.9,58.5667,5.7,29.1,clear sky
22,kaitangata,100,NZ,1626374586,82,50.94,-46.2817,169.8464,10.94,light rain
23,bethel,75,US,1626374586,65,90.1,41.3712,-73.414,3.44,broken clouds
24,klaksvik,96,FO,1626374586,98,52.72,62.2266,-6.589,18.37,overcast clouds
25,cambuci,13,BR,1626374587,39,85.44,-21.5753,-41.9111,0.85,few clouds
26,rio branco,40,BR,1626374587,52,92.01,-9.9747,-67.81,6.91,scattered clouds
27,puerto ayora,61,EC,1626374588,87,78.76,-0.7393,-90.3518,5.01,broken clouds
28,georgetown,20,MY,1626374412,86,82.89,5.4112,100.3354,5.01,few clouds
29,faenza,20,IT,1626374423,57,80.19,44.2857,11.8833,4.0,few clouds
30,asino,33,RU,1626374588,95,51.04,56.9979,86.1452,6.73,scattered clouds
31,tessalit,99,ML,1626374373,24,97.14,20.1986,1.0114,6.24,overcast clouds
32,vaini,90,TO,1626374589,94,71.76,-21.2,-175.2,10.36,overcast clouds
33,pisco,90,PE,1626374589,82,65.01,-13.7,-76.2167,9.22,overcast clouds
34,castro,100,BR,1626374590,54,67.96,-24.7911,-50.0119,8.41,overcast clouds
35,albany,67,US,1626374448,68,87.62,42.6001,-73.9662,4.0,broken clouds
36,hobart,95,AU,1626374590,94,48.11,-42.8794,147.3294,5.75,overcast clouds
37,lulea,0,SE,1626374591,64,69.87,65.5842,22.1547,6.91,clear sky
38,qaanaaq,100,GL,1626374591,84,36.97,77.484,-69.3632,8.34,overcast clouds
39,cayenne,75,GF,1626374592,75,84.24,4.9333,-52.3333,1.99,broken clouds
40,victoria,56,HK,1626374319,80,87.33,22.2855,114.1577,5.99,broken clouds
41,lompoc,1,US,1626374592,70,81.79,34.6391,-120.4579,8.05,clear sky
42,baykit,93,RU,1626374593,83,63.79,61.67,96.37,2.62,overcast clouds
43,esperance,100,AU,1626374593,83,51.64,-33.8667,121.9,26.89,light rain
44,kodiak,90,US,1626374313,72,56.71,57.79,-152.4072,3.44,overcast clouds
45,acari,54,PE,1626374594,63,70.14,-15.4311,-74.6158,8.43,broken clouds
46,floriano,50,BR,1626374594,24,97.47,-6.7669,-43.0225,8.57,scattered clouds
47,mataura,100,NZ,1626374594,96,41.49,-46.1927,168.8643,6.69,overcast clouds
48,sabang,97,ID,1626374595,73,82.45,5.8933,95.3214,9.31,overcast clouds
49,nome,90,US,1626374595,87,51.17,64.5011,-165.4064,11.5,overcast clouds
50,lagoa,5,PT,1626374596,81,70.57,39.05,-27.9833,7.52,clear sky
51,ojinaga,1,MX,1626374596,33,93.58,29.5667,-104.4167,0.0,clear sky
52,vostok,100,RU,1626374597,91,66.76,46.4856,135.8833,3.47,overcast clouds
53,iqaluit,75,CA,1626374597,66,55.13,63.7506,-68.5145,5.01,broken clouds
54,geraldton,75,AU,1626374597,87,54.01,-28.7667,114.6,10.36,broken clouds
55,bengkulu,100,ID,1626374598,83,76.01,-3.8004,102.2655,3.49,overcast clouds
56,necochea,0,AR,1626374598,55,54.03,-38.5473,-58.7368,14.81,clear sky
57,yerbogachen,0,RU,1626374599,93,53.56,61.2767,108.0108,3.98,clear sky
58,aklavik,20,CA,1626374537,57,46.4,68.2191,-135.0107,3.44,few clouds
59,san quintin,1,MX,1626374599,68,74.43,30.4833,-115.95,11.74,clear sky
60,itupiranga,10,BR,1626374600,33,97.12,-5.1347,-49.3267,3.51,clear sky
61,maxixe,0,MZ,1626374600,72,62.42,-23.8597,35.3472,4.61,clear sky
62,puerto del rosario,0,ES,1626374601,78,76.68,28.5004,-13.8627,16.11,clear sky
63,nanortalik,13,GL,1626374601,75,48.16,60.1432,-45.2371,13.47,few clouds
64,hilo,1,US,1626374601,68,80.62,19.7297,-155.09,4.61,light rain
65,atuona,16,PF,1626374602,71,77.94,-9.8,-139.0333,25.7,few clouds
66,lamu,39,KE,1626374602,78,76.5,-2.2717,40.902,15.5,scattered clouds
67,olafsvik,100,IS,1626374603,94,49.46,64.8945,-23.7142,15.95,light rain
68,ati,13,TD,1626374603,41,92.7,13.2154,18.3353,7.76,few clouds
69,port keats,100,AU,1626374603,61,70.3,-14.25,129.55,1.07,overcast clouds
70,awbari,38,LY,1626374604,14,94.26,26.5921,12.7805,9.1,scattered clouds
71,tasiilaq,39,GL,1626374604,84,41.16,65.6145,-37.6368,4.43,scattered clouds
72,ushuaia,75,AR,1626374333,93,31.66,-54.8,-68.3,3.44,light snow
73,new norfolk,100,AU,1626374605,92,47.75,-42.7826,147.0587,2.24,overcast clouds
74,bilibino,100,RU,1626374605,75,56.32,68.0546,166.4372,5.5,overcast clouds
75,pahrump,6,US,1626374606,26,96.94,36.2083,-115.9839,7.0,clear sky
76,lebu,89,CL,1626374606,72,54.46,-37.6167,-73.65,6.49,overcast clouds
77,mar del plata,0,AR,1626374353,61,58.08,-38.0023,-57.5575,3.0,clear sky
78,vila velha,40,BR,1626374607,68,79.97,-20.3297,-40.2925,16.11,scattered clouds
79,blagoyevo,7,RU,1626374607,84,55.49,63.3667,47.9167,3.89,clear sky
80,askiz,6,RU,1626374608,85,60.69,53.1319,90.5264,3.85,clear sky
81,flowing wells,20,US,1626374608,62,93.27,32.294,-111.0098,3.0,few clouds
82,hithadhoo,44,MV,1626374608,77,82.18,-0.6,73.0833,11.27,scattered clouds
83,mujiayingzi,82,CN,1626374609,96,70.66,42.1167,118.7833,2.84,broken clouds
84,haines junction,94,CA,1626374609,55,63.46,60.7522,-137.5108,3.06,overcast clouds
85,touros,52,BR,1626374610,65,85.1,-5.1989,-35.4608,16.82,broken clouds
86,samarai,9,PG,1626374610,86,79.72,-10.6167,150.6667,10.54,clear sky
87,yima,79,CN,1626374611,89,75.94,34.7381,111.8839,3.51,broken clouds
88,cockburn town,0,TC,1626374611,70,81.7,21.4612,-71.1419,17.43,clear sky
89,japura,100,ID,1626374611,94,73.09,-0.3167,102.35,2.26,overcast clouds
90,tiksi,100,RU,1626374613,75,44.76,71.6872,128.8694,16.08,overcast clouds
91,roma,20,US,1626374591,57,88.43,43.2128,-75.4557,5.75,few clouds
92,muscat,100,OM,1626374614,77,86.02,23.6139,58.5922,9.19,overcast clouds
93,bredasdorp,0,ZA,1626374614,82,51.12,-34.5322,20.0403,4.61,clear sky
94,yumen,0,CN,1626374615,35,76.08,40.2833,97.2,2.89,clear sky
95,te anau,94,NZ,1626374615,95,43.81,-45.4167,167.7167,2.19,light rain
96,hamilton,40,US,1626374615,64,90.84,39.1834,-84.5333,1.01,scattered clouds
97,saskylakh,98,RU,1626374616,66,50.16,71.9167,114.0833,14.45,overcast clouds
98,upernavik,100,GL,1626374616,83,42.03,72.7868,-56.1549,7.9,overcast clouds
99,dikson,100,RU,1626374616,94,34.11,73.5069,80.5464,14.45,overcast clouds
100,guerrero negro,42,MX,1626374617,56,79.2,27.9769,-114.0611,13.47,scattered clouds
101,ribeira grande,20,PT,1626374617,78,75.6,38.5167,-28.7,5.75,few clouds
102,sinegorye,87,RU,1626374618,80,56.08,62.0788,150.477,1.77,overcast clouds
103,longyearbyen,40,SJ,1626374424,81,46.24,78.2186,15.6401,3.44,scattered clouds
104,afonso claudio,0,BR,1626374618,44,79.16,-20.0742,-41.1239,5.03,clear sky
105,fengrun,71,CN,1626374619,95,76.75,39.8333,118.1167,4.59,broken clouds
106,ponta do sol,1,PT,1626374619,76,74.71,32.6667,-17.1,5.41,clear sky
107,nikolskoye,20,RU,1626374619,82,80.49,59.7035,30.7861,2.44,few clouds
108,bambous virieux,75,MU,1626374620,78,71.85,-20.3428,57.7575,13.8,light rain
109,tautira,99,PF,1626374620,80,77.02,-17.7333,-149.15,15.57,light rain
110,thompson,75,CA,1626374621,50,78.96,55.7435,-97.8558,13.8,smoke
111,pineville,75,US,1626374621,62,91.33,31.3224,-92.4343,10.36,broken clouds
112,ukiah,1,US,1626374622,45,91.44,39.1502,-123.2078,3.44,clear sky
113,rio grande,100,BR,1626374575,86,60.91,-32.035,-52.0986,12.57,overcast clouds
114,taitung,100,TW,1626374622,80,80.74,22.7583,121.1444,5.06,overcast clouds
115,tambopata,40,PE,1626374623,58,89.49,-12.7333,-69.1833,6.91,scattered clouds
116,chokurdakh,100,RU,1626374623,53,50.2,70.6333,147.9167,13.49,overcast clouds
117,cherskiy,100,RU,1626374624,78,42.03,68.75,161.3,11.21,overcast clouds
118,xudat,71,AZ,1626374624,52,72.93,41.631,48.681,5.93,broken clouds
119,rumford,37,US,1626374625,43,85.3,44.5537,-70.5509,4.21,scattered clouds
120,petrivka,0,UA,1626374625,34,77.45,46.9695,30.9591,4.29,clear sky
121,ebolowa,100,CM,1626374625,99,69.3,2.9,11.15,2.95,light rain
122,qasigiannguit,81,GL,1626374626,80,46.65,68.8193,-51.1922,3.53,broken clouds
123,ibra,100,OM,1626374626,69,82.54,22.6906,58.5334,0.51,overcast clouds
124,tabriz,20,IR,1626374478,49,69.26,38.08,46.2919,28.77,few clouds
125,bluff,81,NZ,1626374627,89,41.81,-46.6,168.3333,12.19,broken clouds
126,mehamn,0,NO,1626374627,56,67.95,71.0357,27.8492,12.66,moderate rain
127,port elizabeth,0,ZA,1626374628,76,52.09,-33.918,25.5701,4.61,clear sky
128,kloulklubed,100,PW,1626374628,74,77.5,7.0419,134.2556,2.06,overcast clouds
129,beringovskiy,54,RU,1626374629,87,49.87,63.05,179.3167,11.54,broken clouds
130,port-gentil,40,GA,1626374629,83,75.16,-0.7193,8.7815,9.22,scattered clouds
131,codrington,100,AU,1626374629,89,49.96,-38.2667,141.9667,14.94,overcast clouds
132,bulawayo,90,ZW,1626374630,86,50.97,-20.15,28.5833,13.09,overcast clouds
133,saint-philippe,46,RE,1626374630,77,71.19,-21.3585,55.7679,12.21,scattered clouds
134,clyde river,90,CA,1626374631,57,48.43,70.4692,-68.5914,11.5,overcast clouds
135,ekhabi,85,RU,1626374631,96,62.82,53.5102,142.9671,9.95,overcast clouds
136,torbay,20,CA,1626374595,51,75.88,47.6666,-52.7314,23.02,few clouds
137,impfondo,100,CG,1626374632,68,76.91,1.6381,18.0667,3.56,overcast clouds
138,aripuana,2,BR,1626374632,22,97.38,-9.1667,-60.6333,1.77,clear sky
139,souillac,75,MU,1626374633,78,71.98,-20.5167,57.5167,13.8,broken clouds
140,kalabo,10,ZM,1626374633,36,63.9,-14.97,22.6814,5.55,clear sky
141,barrow,20,US,1626374402,70,44.62,71.2906,-156.7887,16.11,few clouds
142,ewa beach,1,US,1626374634,64,80.55,21.3156,-158.0072,13.0,clear sky
143,saldanha,0,ZA,1626374634,60,48.25,-33.0117,17.9442,7.58,clear sky
144,nizhniy kuranakh,100,RU,1626374634,96,59.49,58.8353,125.4869,4.54,overcast clouds
145,narsaq,7,GL,1626374635,52,64.62,60.9167,-46.05,4.65,clear sky
146,kearney,90,US,1626374596,83,76.12,40.6995,-99.0815,9.22,overcast clouds
147,vao,11,NC,1626374635,82,70.61,-22.6667,167.4833,12.35,few clouds
148,loralai,41,PK,1626374636,57,81.36,30.3705,68.598,8.86,scattered clouds
149,sur,100,OM,1626374429,76,85.23,22.5667,59.5289,6.76,overcast clouds
150,vila franca do campo,49,PT,1626374636,69,72.01,37.7167,-25.4333,3.22,scattered clouds
151,sioux lookout,90,CA,1626374462,43,77.38,50.1001,-91.917,5.75,smoke
152,havelock,75,US,1626374637,73,92.01,34.8791,-76.9013,10.0,broken clouds
153,la ciotat,48,FR,1626374638,49,77.81,43.1748,5.6045,22.5,scattered clouds
154,kalas,87,IN,1626374638,83,74.97,18.1667,74.8,12.77,overcast clouds
155,never,100,FR,1626374638,96,71.35,46.9896,3.159,4.61,overcast clouds
156,korla,0,CN,1626374639,26,83.16,41.7597,86.1469,7.45,clear sky
157,gradistea,0,RO,1626374639,59,72.36,44.2333,27.2167,7.58,clear sky
158,kattivakkam,100,IN,1626374640,69,84.29,13.2167,80.3167,8.88,overcast clouds
159,mariestad,6,SE,1626374640,70,79.29,58.7097,13.8237,2.84,clear sky
160,storforshei,75,NO,1626374640,76,53.38,66.4043,14.5233,10.36,broken clouds
161,payson,1,US,1626374641,27,95.52,40.0444,-111.7321,3.44,clear sky
162,beinamar,100,TD,1626374641,87,75.0,8.6698,15.3813,0.38,light rain
163,hongjiang,100,CN,1626374642,88,77.09,27.11,109.9956,3.33,overcast clouds
164,bud,46,US,1626374642,63,89.31,39.447,-86.1758,12.41,scattered clouds
165,nechi,91,CO,1626374642,62,89.85,8.0942,-74.7757,2.66,overcast clouds
166,kirakira,36,SB,1626374643,83,80.33,-10.4544,161.9205,13.38,scattered clouds
167,tongzi,100,CN,1626374643,99,74.32,28.7829,105.0877,3.4,moderate rain
168,greenville,1,US,1626374347,59,92.3,35.6127,-77.3663,9.22,clear sky
169,tupelo,1,US,1626374585,56,91.69,34.2576,-88.7034,8.01,clear sky
170,koumac,100,NC,1626374644,83,69.85,-20.5667,164.2833,4.76,overcast clouds
171,tynda,0,RU,1626374644,96,58.15,55.1667,124.7167,1.7,clear sky
172,mount gambier,40,AU,1626374645,93,46.31,-37.8333,140.7667,10.36,light rain
173,guaranda,55,EC,1626374645,76,71.91,-1.6,-79.0,7.29,light rain
174,savannah bight,13,HN,1626374646,75,82.35,16.45,-85.85,9.35,few clouds
175,maykor,40,RU,1626374646,96,58.14,59.0059,55.88,1.21,scattered clouds
176,entre rios,24,BR,1626374553,63,77.85,-11.9419,-38.0844,8.05,few clouds
177,itarema,72,BR,1626374647,68,83.1,-2.9248,-39.9167,16.82,broken clouds
178,nazarovo,3,RU,1626374647,89,57.94,56.0064,90.3914,6.04,clear sky
179,vuktyl,49,RU,1626374647,65,60.94,63.8567,57.3094,4.34,scattered clouds
180,san patricio,18,US,1626374648,54,92.12,28.017,-97.5169,15.77,few clouds
181,viedma,16,AR,1626374648,28,56.48,-40.8135,-62.9967,13.53,few clouds
182,vestmannaeyjar,100,IS,1626374649,90,52.23,63.4427,-20.2734,16.75,overcast clouds
183,tuktoyaktuk,75,CA,1626374649,75,41.0,69.4541,-133.0374,13.8,broken clouds
184,port shepstone,0,ZA,1626374649,54,56.8,-30.7414,30.455,6.96,clear sky
185,sembe,77,CG,1626374650,81,74.7,1.6481,14.5806,3.06,broken clouds
186,poum,100,NC,1626374650,80,72.5,-20.2333,164.0167,5.86,overcast clouds
187,kibre mengist,100,ET,1626374651,85,59.07,5.8833,38.9833,1.99,overcast clouds
188,novyy urengoy,100,RU,1626374520,51,56.84,66.0833,76.6333,9.93,overcast clouds
189,binzhou,40,CN,1626374651,93,76.57,37.3667,118.0167,3.74,scattered clouds
190,prince albert,20,CA,1626374484,48,84.15,53.2001,-105.7677,6.91,smoke
191,ravar,98,IR,1626374652,20,94.57,31.2656,56.8055,5.06,overcast clouds
192,lima,75,PE,1626374616,74,67.89,-12.0432,-77.0282,5.75,broken clouds
193,churapcha,100,RU,1626374652,67,63.19,62.0025,132.4325,6.17,overcast clouds
194,tura,86,IN,1626374653,96,73.58,25.5198,90.2201,3.2,overcast clouds
195,ranfurly,100,NZ,1626374653,98,38.64,-45.1333,170.1,3.53,light rain
196,ettaiyapuram,100,IN,1626374654,54,83.98,9.1441,77.9907,14.47,overcast clouds
197,husavik,1,IS,1626374654,69,64.31,66.0449,-17.3389,8.03,clear sky
198,christchurch,90,NZ,1626374654,93,48.99,-43.5333,172.6333,4.0,light rain
199,hualmay,20,PE,1626374655,72,67.46,-11.0964,-77.6139,11.45,few clouds
200,vangaindrano,10,MG,1626374655,88,65.23,-23.35,47.6,1.92,light rain
201,severo-kurilsk,24,RU,1626374656,90,51.51,50.6789,156.125,19.08,few clouds
202,nemuro,70,JP,1626374656,99,57.45,43.3236,145.575,7.38,broken clouds
203,narasannapeta,97,IN,1626374656,85,81.34,18.4167,84.05,6.76,overcast clouds
204,port hardy,75,CA,1626374657,72,59.18,50.6996,-127.4199,5.75,broken clouds
205,ixtapa,20,MX,1626374657,66,89.22,20.7,-105.2,8.05,few clouds
206,bubaque,100,GW,1626374658,80,80.69,11.2833,-15.8333,13.13,overcast clouds
207,basoko,100,CD,1626374658,56,78.96,1.2391,23.616,2.57,overcast clouds
208,rorvik,75,NO,1626374659,72,58.98,64.8621,11.2373,20.71,broken clouds
209,takoradi,100,GH,1626374659,82,77.04,4.8845,-1.7554,9.48,overcast clouds
210,oga,100,IT,1626374659,91,54.14,46.4631,10.347,1.48,overcast clouds
211,antalaha,79,MG,1626374660,79,69.31,-14.9003,50.2788,8.01,broken clouds
212,manta,75,EC,1626374660,74,80.38,-0.95,-80.7333,8.05,broken clouds
213,north platte,90,US,1626374528,57,79.99,41.1239,-100.7654,1.99,overcast clouds
214,punta alta,0,AR,1626374661,37,55.49,-38.8759,-62.0736,11.5,clear sky
215,kabin buri,100,TH,1626374661,93,76.1,13.9511,101.7177,1.32,light rain
216,emba,20,KZ,1626374662,30,74.41,48.8264,58.1442,5.3,few clouds
217,ahipara,55,NZ,1626374662,87,52.52,-35.1667,173.1667,10.07,broken clouds
218,deputatskiy,71,RU,1626374662,52,47.17,69.3,139.9,2.68,broken clouds
219,provideniya,100,RU,1626374663,93,48.56,64.3833,-173.3,7.43,overcast clouds
220,luderitz,0,NA,1626374663,48,58.93,-26.6481,15.1594,9.75,clear sky
221,jalu,0,LY,1626374555,35,88.74,29.0331,21.5482,23.55,clear sky
222,kargasok,100,RU,1626374664,89,53.29,59.0556,80.8572,9.6,overcast clouds
223,east london,0,ZA,1626374650,58,52.74,-33.0153,27.9116,5.75,clear sky
224,verkhnevilyuysk,100,RU,1626374665,85,48.43,63.4453,120.3167,3.87,overcast clouds
225,pacific grove,75,US,1626374665,86,79.57,36.6177,-121.9166,1.01,broken clouds
226,feijo,82,BR,1626374665,41,91.13,-8.1642,-70.3536,2.42,broken clouds
227,arraial do cabo,0,BR,1626374666,54,85.96,-22.9661,-42.0278,9.22,clear sky
228,nantucket,90,US,1626374442,88,84.54,41.2835,-70.0995,10.36,mist
229,sibolga,23,ID,1626374666,78,75.49,1.7427,98.7792,3.44,few clouds
230,vanimo,99,PG,1626374667,89,77.79,-2.6741,141.3028,0.45,overcast clouds
231,vardo,0,NO,1626374667,82,64.6,70.3705,31.1107,14.97,clear sky
232,banda aceh,59,ID,1626374668,79,78.76,5.5577,95.3222,8.39,light rain
233,panaba,71,MX,1626374668,36,97.29,21.2833,-88.2667,16.22,broken clouds
234,maniitsoq,1,GL,1626374668,85,48.06,65.4167,-52.9,8.9,clear sky
235,phonhong,100,LA,1626374669,94,74.88,18.5007,102.4166,1.95,overcast clouds
236,manggar,100,ID,1626374669,75,79.86,-2.8833,108.2667,9.8,overcast clouds
237,kongolo,100,CD,1626374670,36,83.08,-5.3833,27.0,2.91,overcast clouds
238,usinsk,13,RU,1626374670,80,56.62,65.9939,57.5281,10.09,few clouds
239,avarua,75,CK,1626374670,94,71.65,-21.2078,-159.775,2.3,broken clouds
240,camopi,68,GF,1626374671,82,79.86,3.1655,-52.3158,4.83,moderate rain
241,mbandaka,100,CD,1626374671,50,77.76,0.0487,18.2603,3.6,overcast clouds
242,faanui,45,PF,1626374672,71,79.77,-16.4833,-151.75,19.82,scattered clouds
243,marzuq,100,YE,1626374672,62,79.57,14.4,46.4667,8.97,overcast clouds
244,banjar,14,ID,1626374672,83,78.66,-8.19,114.9675,6.67,few clouds
245,copiapo,0,CL,1626374673,32,55.09,-27.3667,-70.3333,6.06,clear sky
246,hengshui,57,CN,1626374673,86,78.3,37.7322,115.7011,6.4,broken clouds
247,dongsheng,47,CN,1626374674,60,73.22,39.8161,109.9776,10.58,scattered clouds
248,lar,100,IN,1626374674,68,86.4,26.2039,83.9717,10.69,overcast clouds
249,sao filipe,25,CV,1626374675,83,75.36,14.8961,-24.4956,9.93,scattered clouds
250,la rioja,6,ES,1626374573,63,65.98,42.25,-2.5,5.17,clear sky
251,palu,100,ID,1626374675,99,75.27,-0.8917,119.8707,0.92,moderate rain
252,half moon bay,20,US,1626374673,72,79.92,37.4636,-122.4286,12.66,few clouds
253,kavieng,100,PG,1626374676,76,82.62,-2.5744,150.7967,10.94,overcast clouds
254,coquimbo,20,CL,1626374676,71,56.93,-29.9533,-71.3436,11.5,few clouds
255,college,40,US,1626374677,76,70.2,64.8569,-147.8028,0.0,scattered clouds
256,dergachi,6,RU,1626374677,51,72.84,51.2328,48.7659,6.29,clear sky
257,fenoarivo,20,MG,1626374678,93,51.87,-18.933,47.4354,2.3,few clouds
258,seydisehir,0,TR,1626374678,38,67.96,37.4193,31.8453,4.23,clear sky
259,yichang,100,CN,1626374678,90,79.27,30.7144,111.2847,2.46,light rain
260,zverinogolovskoye,100,RU,1626374679,94,48.85,54.4586,64.8542,9.19,light rain
261,inhambane,0,MZ,1626374679,72,62.58,-23.865,35.3833,5.01,clear sky
262,norman wells,75,CA,1626374679,53,46.44,65.282,-126.8329,13.8,shower rain
263,santa maria da boa vista,16,BR,1626374680,35,86.88,-8.8078,-39.8256,11.63,few clouds
264,andenes,75,NO,1626374680,71,55.38,69.3143,16.1194,17.27,light intensity shower rain
265,tall kayf,0,TR,1626374681,25,90.79,37.0833,41.0667,2.3,clear sky
266,palmas,0,BR,1626374655,45,89.47,-10.2128,-48.3603,9.22,clear sky
267,zhanaozen,72,KZ,1626374681,33,83.16,43.3,52.8,12.68,broken clouds
268,north bend,90,US,1626374682,82,70.95,43.4065,-124.2243,9.22,overcast clouds
269,mount isa,5,AU,1626374682,73,67.77,-20.7333,139.5,1.14,clear sky
270,fortuna,90,US,1626374683,96,55.65,40.5982,-124.1573,8.05,overcast clouds
271,araouane,10,ML,1626374683,23,100.71,18.9048,-3.5265,8.81,clear sky
272,dwarka,100,IN,1626374684,82,84.18,22.2394,68.9678,7.87,overcast clouds
273,port-cartier,90,CA,1626374684,62,71.74,50.0334,-66.8654,13.22,overcast clouds
274,hirado,97,JP,1626374684,80,79.36,33.3597,129.5531,5.37,overcast clouds
275,villazon,0,BO,1626374685,10,61.09,-22.0866,-65.5942,23.98,clear sky
276,tuatapere,67,NZ,1626374685,95,41.83,-46.1333,167.6833,5.84,broken clouds
277,berlin,0,DE,1626374502,72,78.98,52.5244,13.4105,4.0,clear sky
278,ninghai,100,CN,1626374686,96,82.08,29.2892,121.4247,3.74,overcast clouds
279,high rock,5,BS,1626374686,70,80.62,26.6208,-78.2833,16.15,clear sky
280,sassandra,99,CI,1626374686,84,76.3,4.95,-6.0833,7.27,overcast clouds
281,gaurela,100,IN,1626374687,79,76.41,22.75,81.9,5.03,overcast clouds
282,ankpa,100,NG,1626374687,91,74.1,7.3706,7.6253,4.12,overcast clouds
283,aykhal,0,RU,1626374688,61,49.55,66.0,111.5,5.86,clear sky
284,cayhagan,100,PH,1626374688,84,78.44,9.6697,122.4256,4.34,light rain
285,grindavik,90,IS,1626374437,100,54.55,63.8424,-22.4338,19.57,light intensity drizzle
286,antofagasta,26,CL,1626374553,75,60.08,-23.65,-70.4,9.22,scattered clouds
287,vallenar,0,CL,1626374689,25,72.28,-28.5708,-70.7581,5.12,clear sky
288,negombo,40,LK,1626374611,83,82.45,7.2083,79.8358,5.75,scattered clouds
289,portland,75,US,1626374405,52,76.1,45.5234,-122.6762,1.01,broken clouds
290,sambava,99,MG,1626374690,80,69.73,-14.2667,50.1667,12.84,overcast clouds
291,fort nelson,75,CA,1626374690,58,56.79,58.8053,-122.7002,18.41,broken clouds
292,san jeronimo,4,PE,1626374691,31,65.16,-11.9472,-75.2829,1.77,clear sky
293,chumikan,42,RU,1626374691,86,56.73,54.7183,135.315,1.63,scattered clouds
294,ushtobe,100,KZ,1626374691,41,69.58,45.2514,77.9838,6.29,overcast clouds
295,klyuchevskiy,13,RU,1626374692,97,55.22,53.5317,119.4519,2.59,few clouds
296,havoysund,100,NO,1626374538,97,59.23,70.9963,24.6622,20.69,moderate rain
297,coihaique,100,CL,1626374692,99,43.41,-45.5752,-72.0662,6.33,light rain
298,goya,64,AR,1626374466,56,63.79,-29.14,-59.2626,7.11,broken clouds
299,kuah,20,MY,1626374693,83,80.6,6.3265,99.8432,4.61,few clouds
300,rensvik,75,NO,1626374693,62,60.46,63.1,7.8167,19.57,broken clouds
301,shache,23,CN,1626374694,25,82.09,38.4167,77.2406,8.3,few clouds
302,ormstown,14,CA,1626374694,41,87.84,45.1334,-73.9992,7.47,few clouds
303,conceicao do araguaia,9,BR,1626374661,22,96.58,-8.2578,-49.2647,3.87,clear sky
304,pobe,96,BJ,1626374695,90,75.13,6.9801,2.6649,6.78,light rain
305,les cayes,16,HT,1626374695,66,84.36,18.2,-73.75,12.17,few clouds
306,airai,93,TL,1626374696,83,56.37,-8.9266,125.4092,2.66,overcast clouds
307,xingyi,100,CN,1626374696,95,61.27,24.1877,102.817,3.02,overcast clouds
308,sola,40,VU,1626374697,83,79.47,-13.8833,167.55,9.22,scattered clouds
309,comodoro rivadavia,0,AR,1626374697,50,49.86,-45.8667,-67.5,14.97,clear sky
310,hearst,99,CA,1626374697,30,76.46,49.6835,-83.6665,6.4,overcast clouds
311,santa isabel,85,BR,1626374698,31,83.77,-23.3156,-46.2214,8.52,overcast clouds
312,motzorongo,99,MX,1626374698,81,74.44,18.6333,-96.7333,2.71,overcast clouds
313,berlevag,75,NO,1626374699,77,68.0,70.8578,29.0864,11.5,light rain
314,oranjemund,0,NA,1626374699,45,57.27,-28.55,16.4333,8.39,clear sky
315,aasiaat,37,GL,1626374699,89,37.69,68.7098,-52.8699,8.1,scattered clouds
316,bombay,75,IN,1626374542,100,80.58,19.0144,72.8479,0.0,haze
317,mwense,0,ZM,1626374700,36,68.11,-10.3845,28.698,6.17,clear sky
318,port lincoln,1,AU,1626374701,79,52.7,-34.7333,135.8667,28.59,clear sky
319,semey,0,KZ,1626374473,76,50.22,50.4111,80.2275,4.47,clear sky
320,carnarvon,83,AU,1626374701,65,57.27,-24.8667,113.6333,11.5,broken clouds
321,saint-pierre,40,RE,1626374702,68,71.28,-21.3393,55.4781,12.66,scattered clouds
322,dharchula,100,IN,1626374704,96,73.72,29.85,80.5333,0.18,overcast clouds
323,frolovo,95,RU,1626374705,63,73.51,49.7713,43.6622,7.27,overcast clouds
324,chuy,2,UY,1626374705,78,57.97,-33.6971,-53.4616,7.27,clear sky
325,nanakuli,1,US,1626374705,61,80.55,21.3906,-158.1547,6.91,clear sky
326,altay,13,CN,1626374706,52,64.31,47.8667,88.1167,5.35,few clouds
327,riachao das neves,70,BR,1626374706,22,90.81,-11.7461,-44.91,4.23,broken clouds
328,kardla,7,EE,1626374707,82,71.11,58.9978,22.7492,3.69,clear sky
329,perth,75,AU,1626374698,95,58.17,-31.9333,115.8333,5.75,broken clouds
330,trincomalee,100,LK,1626374707,73,81.36,8.5711,81.2335,9.17,overcast clouds
331,monster,90,NL,1626374708,84,66.94,52.0258,4.175,10.0,overcast clouds
332,henties bay,0,NA,1626374708,53,61.86,-22.116,14.2845,8.57,clear sky
333,bellmead,40,US,1626374709,61,90.09,31.594,-97.1089,12.66,scattered clouds
334,kurchum,68,KZ,1626374477,38,68.13,48.5722,83.6542,7.61,broken clouds
335,hay river,90,CA,1626374537,94,55.36,60.8156,-115.7999,9.22,light intensity drizzle
336,kempele,90,FI,1626374709,73,69.82,64.9131,25.5034,10.36,overcast clouds
337,imbituba,100,BR,1626374688,94,66.09,-28.24,-48.6703,10.02,moderate rain
338,yulara,0,AU,1626374710,50,51.64,-25.2406,130.9889,8.05,clear sky
339,richards bay,0,ZA,1626374710,76,58.91,-28.783,32.0377,5.5,clear sky
340,mecca,100,SA,1626374535,23,90.68,21.4267,39.8261,5.73,overcast clouds
341,el alto,22,PE,1626374711,70,74.86,-4.2714,-81.2147,16.33,few clouds
342,warwick,20,US,1626374711,65,93.4,41.7001,-71.4162,12.66,few clouds
343,surt,0,LY,1626374712,80,80.37,31.2089,16.5887,12.24,clear sky
344,barnala,28,IN,1626374712,65,84.33,30.3833,75.55,7.99,scattered clouds
345,hambantota,75,LK,1626374713,100,77.34,6.1241,81.1185,2.3,broken clouds
346,shimoda,100,JP,1626374713,89,77.11,34.6667,138.95,6.22,overcast clouds
347,esmeraldas,0,BR,1626374714,31,79.84,-19.7625,-44.3139,6.11,clear sky
348,fergus falls,40,US,1626374714,48,83.16,46.283,-96.0776,5.99,scattered clouds
349,salinopolis,67,BR,1626374430,75,82.65,-0.6136,-47.3561,10.92,broken clouds
350,huntington,20,US,1626374604,57,90.37,38.4193,-82.4452,3.44,few clouds
351,preston,0,GB,1626374701,73,71.33,53.7667,-2.7167,6.91,clear sky
352,raha,64,IN,1626374715,94,76.64,26.2333,92.5167,2.06,broken clouds
353,litovko,100,RU,1626374716,97,72.19,49.2361,135.1742,5.39,overcast clouds
354,ternate,92,ID,1626374716,82,80.19,0.8,127.4,4.34,overcast clouds
355,constitucion,0,CL,1626374432,66,56.71,-35.3333,-72.4167,14.09,clear sky
356,chapais,100,CA,1626374717,95,56.98,49.7834,-74.8492,5.88,overcast clouds
357,minab,100,IR,1626374717,52,92.7,27.1467,57.0801,9.48,overcast clouds
358,daru,100,PG,1626374718,93,77.92,-9.0763,143.2092,8.93,overcast clouds
359,krasnyy chikoy,100,RU,1626374718,87,58.73,50.3643,108.7512,2.3,overcast clouds
360,lakselv,75,NO,1626374718,94,58.82,70.0513,24.9718,12.66,broken clouds
361,boz,100,FR,1626374719,98,66.85,46.4071,4.9109,5.32,overcast clouds
362,nosy varika,14,MG,1626374719,85,65.82,-20.5833,48.5333,5.21,few clouds
363,sakata,0,JP,1626374720,88,72.5,38.9167,139.855,5.95,clear sky
364,batagay-alyta,0,RU,1626374720,63,48.43,67.8006,130.4114,4.18,clear sky
365,hasaki,99,JP,1626374720,92,75.6,35.7333,140.8333,5.14,overcast clouds
366,itacarambi,0,BR,1626374721,24,87.64,-15.1022,-44.0919,3.6,clear sky
367,krasnoselkup,100,RU,1626374721,53,57.78,65.7,82.4667,15.12,overcast clouds
368,high level,90,CA,1626374720,88,55.51,58.5169,-117.136,4.61,light rain
369,brae,0,GB,1626374722,79,55.31,60.3964,-1.353,11.03,clear sky
370,linfen,62,CN,1626374722,66,82.18,36.0889,111.5189,4.18,broken clouds
371,namibe,1,AO,1626374723,86,66.18,-15.1961,12.1522,2.44,clear sky
372,saint-joseph,28,RE,1626374584,76,70.18,-21.3667,55.6167,13.06,scattered clouds
373,elat,0,IL,1626374723,29,102.04,29.5581,34.9482,13.8,clear sky
374,kaliua,100,TZ,1626374724,43,74.17,-5.0606,31.7936,2.68,overcast clouds
375,ouegoa,100,NC,1626374724,88,71.29,-20.35,164.4333,9.31,overcast clouds
376,derzhavinsk,100,KZ,1626374724,79,54.1,51.1,66.3167,15.1,overcast clouds
377,baoning,40,CN,1626374725,89,78.66,25.3378,110.026,2.24,scattered clouds
378,eureka,78,US,1626374725,87,55.92,40.8021,-124.1637,3.0,broken clouds
379,kanniyakumari,100,IN,1626374726,72,80.8,8.0833,77.5667,19.35,overcast clouds
380,udankudi,100,IN,1626374726,62,83.37,8.4333,78.0167,9.95,overcast clouds
381,muravlenko,100,RU,1626374726,90,50.07,63.7898,74.523,17.96,light rain
382,katsuura,100,JP,1626374727,93,80.11,35.1333,140.3,3.91,overcast clouds
383,makakilo city,1,US,1626374727,64,79.12,21.3469,-158.0858,6.91,clear sky
384,khandyga,100,RU,1626374728,63,65.48,62.6667,135.6,3.6,overcast clouds
385,mitsamiouli,2,KM,1626374728,68,77.86,-11.3847,43.2844,8.59,clear sky
386,kyren,97,RU,1626374729,75,63.36,51.6828,102.1408,2.68,overcast clouds
387,krasnovishersk,52,RU,1626374729,90,58.57,60.4078,57.082,0.56,broken clouds
388,byron bay,19,AU,1626374702,90,69.69,-28.65,153.6167,13.22,few clouds
389,winsum,62,NL,1626374730,78,66.99,53.33,6.5208,18.81,broken clouds
390,serebryansk,83,KZ,1626374730,82,51.35,49.6925,83.2892,5.01,broken clouds
391,zelenoborskiy,100,RU,1626374730,75,58.01,66.845,32.3622,6.62,overcast clouds
392,kirkuk,0,IQ,1626374731,16,93.92,35.4681,44.3922,11.83,clear sky
393,veraval,70,IN,1626374731,84,82.53,20.9,70.3667,10.47,broken clouds
394,kontagora,100,NG,1626374732,78,78.33,10.3999,5.4695,3.87,overcast clouds
395,freeport,1,US,1626374627,59,93.31,40.6576,-73.5832,1.99,clear sky
396,paamiut,41,GL,1626374732,92,42.55,61.994,-49.6678,14.65,scattered clouds
397,rovaniemi,100,FI,1626374733,68,69.21,66.5,25.7167,10.36,overcast clouds
398,berdigestyakh,100,RU,1626374733,82,54.57,62.0989,126.6992,6.26,light rain
399,bay roberts,63,CA,1626374733,45,76.66,47.5999,-53.2648,15.39,broken clouds
400,pangnirtung,20,CA,1626374734,87,50.0,66.1451,-65.7125,11.5,few clouds
401,koszalin,22,PL,1626374734,85,70.09,54.1944,16.1722,5.46,few clouds
402,winnemucca,75,US,1626374735,9,89.65,40.973,-117.7357,8.05,haze
403,zaoyang,100,CN,1626374735,96,77.29,32.1272,112.7542,1.57,light rain
404,san cristobal,92,VE,1626374735,43,83.97,7.7669,-72.225,8.48,overcast clouds
405,lashio,100,MM,1626374736,99,68.56,22.9333,97.75,0.74,light rain
406,luancheng,99,CN,1626374736,75,80.76,37.8792,114.6517,6.2,overcast clouds
407,saint george,8,US,1626374461,44,90.54,37.1041,-113.5841,1.01,clear sky
408,gilgit,8,PK,1626374669,43,83.26,35.9221,74.3087,3.2,clear sky
409,sisimiut,18,GL,1626374737,61,52.34,66.9395,-53.6735,8.57,few clouds
410,kenora,40,CA,1626374737,34,79.99,49.8167,-94.4337,12.66,smoke
411,dakar,40,SN,1626374579,65,84.33,14.6937,-17.4441,13.8,scattered clouds
412,yuancheng,45,CN,1626374738,80,69.87,36.652,107.7896,3.42,scattered clouds
413,uhlove,0,UA,1626374738,56,78.57,44.8215,33.6045,5.99,clear sky
414,sandwick,20,GB,1626374739,88,55.22,60.0,-1.25,6.91,few clouds
415,price,1,US,1626374719,41,89.73,39.5994,-110.8107,3.44,clear sky
416,baijiantan,100,CN,1626374739,33,85.75,45.6333,85.1833,1.88,overcast clouds
417,noumea,37,NC,1626374479,99,69.01,-22.2763,166.4572,1.9,scattered clouds
418,palmer,75,US,1626374740,55,90.63,42.1584,-72.3287,3.0,broken clouds
419,itoman,40,JP,1626374740,81,82.42,26.1247,127.6694,11.5,scattered clouds
420,jatai,0,BR,1626374741,18,85.87,-17.8814,-51.7144,6.69,clear sky
421,kortkeros,100,RU,1626374741,74,68.0,61.8106,51.5806,4.52,overcast clouds
422,omboue,15,GA,1626374742,79,72.18,-1.5746,9.2618,10.76,few clouds
423,solano,1,US,1626374539,56,82.53,38.2333,-121.9511,21.85,clear sky
424,hervey bay,0,AU,1626374742,86,71.04,-25.2986,152.8535,18.86,clear sky
425,ballina,39,AU,1626374743,73,69.76,-28.8667,153.5667,10.36,scattered clouds
426,raymondville,90,US,1626374743,44,93.38,26.4815,-97.7831,15.19,overcast clouds
427,rio gallegos,0,AR,1626374743,87,39.25,-51.6226,-69.2181,2.3,clear sky
428,flin flon,75,CA,1626374744,42,82.24,54.7682,-101.865,9.22,haze
429,schroeder,100,BR,1626374744,64,73.78,-26.4125,-49.0731,3.24,overcast clouds
430,saint-augustin,100,CA,1626374745,86,64.65,51.226,-58.6502,16.89,overcast clouds
431,santa lucia,20,ES,1626374745,73,65.77,27.9117,-15.5407,31.07,few clouds
432,gat,0,IL,1626374745,100,82.4,31.61,34.7642,2.68,clear sky
433,beyneu,0,KZ,1626374746,20,84.83,45.3167,55.2,7.67,clear sky
434,beloha,32,MG,1626374746,80,64.71,-25.1667,45.05,13.44,scattered clouds
435,fairbanks,1,US,1626374731,75,69.49,64.8378,-147.7164,1.01,clear sky
436,shirokiy,100,RU,1626374747,97,72.21,49.758,129.523,6.33,moderate rain
437,kalutara,99,LK,1626374747,88,82.49,6.5831,79.9593,5.61,overcast clouds
438,jiaocheng,99,CN,1626374748,97,75.85,24.6774,116.1389,1.5,overcast clouds
439,sao joao da barra,9,BR,1626374640,73,86.09,-21.6403,-41.0511,15.7,clear sky
440,bathsheba,40,BB,1626374748,70,86.61,13.2167,-59.5167,20.71,scattered clouds
441,kudahuvadhoo,14,MV,1626374749,73,82.65,2.6708,72.8944,6.87,few clouds
442,auki,95,SB,1626374749,88,77.54,-8.7676,160.7034,5.64,overcast clouds
443,nianzishan,100,CN,1626374750,95,73.13,47.5167,122.8833,2.1,overcast clouds
444,shestakovo,1,RU,1626374750,79,61.03,56.4915,103.96,2.53,clear sky
445,nur,97,PL,1626374750,92,74.79,52.6683,22.3221,9.13,overcast clouds
446,arlit,61,NE,1626374543,8,101.23,18.7369,7.3853,14.79,broken clouds
447,neiafu,75,TO,1626374751,94,74.08,-18.65,-173.9833,8.05,light intensity shower rain
448,pevek,100,RU,1626374751,94,36.81,69.7008,170.3133,14.03,overcast clouds
449,port blair,100,IN,1626374752,77,81.57,11.6667,92.75,11.88,overcast clouds
450,walvis bay,0,NA,1626374752,28,62.1,-22.9575,14.5053,13.13,clear sky
451,avera,100,US,1626374753,52,93.7,33.194,-82.5271,6.62,overcast clouds
452,atasu,3,KZ,1626374753,52,55.8,48.6814,71.6433,8.05,clear sky
453,puerto gaitan,20,CO,1626374508,54,86.81,4.3133,-72.0816,4.74,few clouds
454,hami,0,CN,1626374754,31,85.03,42.8,93.45,3.94,clear sky
455,ancud,100,CL,1626374754,92,47.73,-41.8697,-73.8203,17.72,light rain
456,sao jose dos campos,0,BR,1626374692,22,84.27,-23.1794,-45.8869,8.05,clear sky
457,lasa,100,IT,1626374755,93,61.54,46.6166,10.7002,2.19,overcast clouds
458,prado,0,BR,1626374755,68,75.54,-17.3411,-39.2208,6.35,clear sky
459,mata,78,PT,1626374756,25,88.93,40.683,-7.4592,7.02,broken clouds
460,kalmar,11,SE,1626374756,73,77.14,56.6616,16.3616,8.05,few clouds
461,alice springs,1,AU,1626374757,50,53.15,-23.7,133.8833,6.91,clear sky
462,twentynine palms,4,US,1626374757,30,99.14,34.1356,-116.0542,4.0,clear sky
463,tabuk,100,PH,1626374757,91,74.1,17.4189,121.4443,2.15,overcast clouds
464,marsh harbour,2,BS,1626374758,72,82.6,26.5412,-77.0636,16.53,clear sky
465,rocha,9,UY,1626374758,72,57.47,-34.4833,-54.3333,9.57,clear sky
466,kahului,40,US,1626374639,74,80.62,20.8947,-156.47,17.27,scattered clouds
467,vera cruz,4,BR,1626374759,34,83.77,-12.6333,-41.0333,7.52,clear sky
468,praia da vitoria,75,PT,1626374655,73,75.76,38.7333,-27.0667,10.42,broken clouds
469,ilulissat,20,GL,1626374760,71,46.42,69.2167,-51.1,4.61,few clouds
470,sorong,40,ID,1626374678,92,77.22,-0.8833,131.25,8.39,light rain
471,nong ki,100,TH,1626374760,89,79.52,14.6868,102.538,0.83,light rain
472,nebbi,74,UG,1626374761,86,66.2,2.4783,31.0889,5.26,broken clouds
473,loding,75,NO,1626374761,71,57.11,67.3,14.75,8.99,broken clouds
474,leningradskiy,100,RU,1626374762,90,45.05,69.3833,178.4167,1.92,overcast clouds
475,ambovombe,78,MG,1626374762,86,66.15,-25.1667,46.0833,17.58,light rain
476,melnikovo,100,RU,1626374763,74,55.26,56.5558,84.085,8.75,overcast clouds
477,sao gabriel da cachoeira,40,BR,1626374763,74,85.8,-0.1303,-67.0892,4.61,scattered clouds
478,can,0,TR,1626374763,76,84.88,40.0333,27.0524,5.46,clear sky
479,zheleznodorozhnyy,100,RU,1626374764,73,71.78,55.7503,38.0042,5.1,light rain
480,chandbali,100,IN,1626374764,78,83.59,20.7833,86.7667,6.24,overcast clouds
481,kolosovka,100,RU,1626374765,98,46.02,56.4678,73.611,12.24,light rain
482,lavrentiya,19,RU,1626374765,72,54.52,65.5833,-171.0,9.89,few clouds
483,chifeng,94,CN,1626374765,94,72.0,42.2683,118.9636,3.4,overcast clouds
484,ulladulla,3,AU,1626374766,78,56.88,-35.35,150.4667,6.31,clear sky
485,xiuyan,95,CN,1626374766,99,71.67,40.2928,123.2744,3.76,overcast clouds
486,sept-iles,75,CA,1626374648,79,72.05,50.2001,-66.3821,4.0,fog
487,manacapuru,97,BR,1626374767,57,77.58,-3.2997,-60.6206,4.38,overcast clouds
488,fria,100,GN,1626374767,95,74.68,10.4167,-13.5833,4.88,light rain
489,waingapu,61,ID,1626374768,81,71.98,-9.6567,120.2641,7.16,broken clouds
490,lindas,0,NO,1626374768,71,63.72,60.7381,5.16,11.18,clear sky
491,shubarkuduk,97,KZ,1626374768,32,74.17,49.1447,56.4872,6.58,overcast clouds
492,madisonville,0,US,1626374589,56,91.24,37.3281,-87.4989,11.32,clear sky
493,corinto,0,GR,1626374769,45,90.5,37.9407,22.9573,2.13,clear sky
494,casas grandes,5,MX,1626374716,39,85.44,30.3667,-107.95,4.18,clear sky
495,batticaloa,100,LK,1626374770,75,82.45,7.7102,81.6924,5.14,heavy intensity rain
496,sao desiderio,39,BR,1626374770,21,93.02,-12.3633,-44.9733,1.97,scattered clouds
497,manaure,100,CO,1626374771,52,88.79,11.7751,-72.4445,15.73,overcast clouds
498,talnakh,59,RU,1626374771,59,50.81,69.4865,88.3972,4.34,broken clouds
499,baiyin,5,CN,1626374771,64,65.28,36.5583,104.2081,3.67,clear sky
500,turochak,75,RU,1626374772,96,55.56,52.2576,87.1224,1.95,broken clouds
501,gizo,59,SB,1626374514,79,81.63,-8.103,156.8419,9.26,light rain
502,mackay,3,AU,1626374772,94,66.18,-21.15,149.2,5.75,clear sky
503,roebourne,3,AU,1626374773,32,65.77,-20.7833,117.1333,17.05,clear sky
504,keuruu,6,FI,1626374773,62,78.98,62.2667,24.7,7.65,clear sky
505,kulhudhuffushi,100,MV,1626374773,79,82.67,6.6221,73.07,11.97,overcast clouds
506,cidreira,100,BR,1626374774,92,58.77,-30.1811,-50.2056,15.95,overcast clouds
507,tsumeb,0,NA,1626374774,26,60.08,-19.2333,17.7167,10.25,clear sky
508,panacan,100,PH,1626374775,83,79.68,9.2463,118.4082,4.74,light rain
509,waipawa,100,NZ,1626374775,73,56.03,-41.4122,175.5153,17.4,overcast clouds
510,wajir,75,KE,1626374776,35,87.76,1.7471,40.0573,13.8,broken clouds
511,charters towers,47,AU,1626374776,95,64.0,-20.1,146.2667,8.43,scattered clouds
512,lahat,100,ID,1626374522,91,72.99,-3.8,103.5333,1.77,overcast clouds
513,gorontalo,100,ID,1626374585,98,75.16,0.5412,123.0595,0.36,overcast clouds
514,dali,100,CN,1626374777,94,63.21,25.7,100.1833,4.59,overcast clouds
515,dingle,100,PH,1626374778,93,76.35,10.9995,122.6711,5.99,light rain
516,ucluelet,51,CA,1626374696,84,58.08,48.9329,-125.5528,1.01,broken clouds
517,ha giang,100,VN,1626374778,89,79.03,22.8333,104.9833,0.85,overcast clouds
518,puerto ayacucho,68,VE,1626374779,70,85.08,5.6639,-67.6236,4.27,broken clouds
519,krasnoturansk,15,RU,1626374779,92,65.19,54.3186,91.5639,3.83,light rain
520,sechura,7,PE,1626374779,59,76.14,-5.5569,-80.8222,13.73,clear sky
521,tulun,8,RU,1626374780,74,61.41,54.5611,100.5792,0.27,clear sky
522,san carlos,34,VE,1626374780,64,85.75,9.6612,-68.5827,2.75,scattered clouds
523,yarada,40,IN,1626374781,89,82.72,17.65,83.2667,4.61,scattered clouds
524,lorengau,97,PG,1626374781,79,81.93,-2.0226,147.2712,9.73,overcast clouds
525,puerto suarez,0,BO,1626374781,49,93.56,-18.95,-57.8,9.22,clear sky
526,candabong,65,PH,1626374782,86,78.64,9.7343,124.5383,13.87,broken clouds
527,qaqortoq,19,GL,1626374782,73,64.9,60.7167,-46.0333,4.9,few clouds
528,chimore,21,BO,1626374783,82,76.17,-16.9833,-65.1333,4.54,few clouds
529,wanning,27,CN,1626374783,86,79.5,18.8003,110.3967,2.93,scattered clouds
530,ossora,100,RU,1626374784,94,54.91,59.2353,163.0719,14.29,light rain
531,laguna,1,US,1626374784,53,95.65,38.421,-121.4238,8.05,clear sky
532,tashtagol,98,RU,1626374784,95,54.82,52.7657,87.8894,0.4,overcast clouds
533,tuskegee,81,US,1626374785,40,92.71,32.424,-85.6916,2.91,broken clouds
534,isangel,92,VU,1626374785,88,73.94,-19.55,169.2667,10.38,overcast clouds
535,meadow lake,25,US,1626374785,49,86.7,34.8014,-106.5436,9.28,scattered clouds
536,kalmunai,100,LK,1626374786,78,81.81,7.4167,81.8167,5.77,overcast clouds
537,parana,0,AR,1626374786,48,62.55,-31.732,-60.5238,7.65,clear sky
538,westport,1,US,1626374787,55,91.36,41.1415,-73.3579,1.01,clear sky
539,xichang,100,CN,1626374787,94,66.85,27.8964,102.2634,0.11,overcast clouds
540,tromso,40,NO,1626374788,62,57.85,69.6496,18.957,21.85,scattered clouds
541,pangody,99,RU,1626374788,57,54.25,65.85,74.4859,5.3,overcast clouds
542,puerto leguizamo,94,CO,1626374789,54,86.07,-0.1934,-74.7819,4.45,overcast clouds
543,saposoa,22,PE,1626374789,45,86.81,-6.934,-76.7716,3.74,few clouds
544,gigmoto,90,PH,1626374789,85,79.77,13.7796,124.39,3.58,overcast clouds
545,pontian kecil,100,MY,1626374790,86,82.53,1.4801,103.3899,5.48,overcast clouds
546,puri,12,IN,1626374790,76,86.38,19.8,85.85,12.75,few clouds
547,suleja,100,NG,1626374791,84,72.59,9.1758,7.1808,1.48,overcast clouds
548,san rafael,0,AR,1626374791,23,61.07,-34.6177,-68.3301,11.92,clear sky
549,aitape,100,PG,1626374791,90,77.27,-3.1374,142.3475,3.36,light rain
550,staryy nadym,98,RU,1626374792,58,54.59,65.6118,72.6842,9.55,overcast clouds
551,hobyo,31,SO,1626374792,76,78.33,5.3505,48.5268,30.13,scattered clouds
552,bumba,96,CD,1626374793,58,79.29,2.1833,22.4667,2.93,overcast clouds
553,itacoatiara,78,BR,1626374793,52,89.35,-3.1431,-58.4442,2.1,broken clouds
554,salalah,40,OM,1626374793,89,80.69,17.0151,54.0924,4.61,scattered clouds
555,samana,75,DO,1626374794,94,82.36,19.2056,-69.3369,4.61,broken clouds
556,tateyama,75,JP,1626374794,94,80.02,34.9833,139.8667,4.61,broken clouds
557,asau,0,RO,1626374684,77,72.39,46.4333,26.4,1.95,clear sky
558,amapa,100,BR,1626374795,94,75.27,1.0,-52.0,3.65,moderate rain
559,padang,47,ID,1626374795,73,69.85,-0.9492,100.3543,4.63,scattered clouds
560,stephenville,40,US,1626374796,60,88.93,32.2207,-98.2023,12.66,scattered clouds
561,balbalan,100,PH,1626374796,93,64.71,17.4414,121.2019,2.93,overcast clouds
562,homagama,81,LK,1626374797,91,82.15,6.844,80.0024,3.2,broken clouds
563,portsmouth,100,GB,1626374797,77,72.3,50.799,-1.0913,5.01,overcast clouds
564,labuhan,100,ID,1626374797,74,75.74,-6.8844,112.2051,9.95,overcast clouds
565,vilhena,0,BR,1626374798,30,88.02,-12.7406,-60.1458,8.05,clear sky
566,da nang,20,VN,1626374798,83,82.45,16.0678,108.2208,3.44,few clouds
567,manolas,0,GR,1626374799,66,85.96,38.05,21.35,3.44,clear sky
568,bom jesus,70,BR,1626374799,21,95.83,-9.0744,-44.3586,7.56,broken clouds
569,bonthe,100,SL,1626374800,86,77.31,7.5264,-12.505,8.9,light rain
570,columbia,20,US,1626374705,52,94.23,34.0007,-81.0348,1.01,few clouds
571,moses lake,1,US,1626374800,24,85.87,47.1301,-119.2781,11.5,clear sky
572,wajima,88,JP,1626374743,84,75.47,37.4,136.9,4.68,overcast clouds
573,jhawarian,31,PK,1626374801,49,93.76,32.3614,72.6228,3.02,scattered clouds
574,iracoubo,90,GF,1626374801,72,82.24,5.4802,-53.2011,8.88,overcast clouds
575,hirara,100,JP,1626374802,76,83.41,24.8,125.2833,11.92,overcast clouds
576,cilegon,100,ID,1626374803,79,78.69,-6.0174,106.0538,4.12,overcast clouds
577,santa isabel do rio negro,100,BR,1626374803,94,78.31,-0.4139,-65.0192,3.18,overcast clouds
578,moose factory,90,CA,1626374803,43,73.38,51.2585,-80.6094,5.75,overcast clouds
579,klyuchi,100,RU,1626374804,79,54.52,52.2667,79.1667,5.86,overcast clouds
580,kolokani,8,ML,1626374804,45,89.78,13.5728,-8.0339,1.95,clear sky
581,suibara,94,JP,1626374804,91,70.86,37.8333,139.2333,4.27,overcast clouds
582,ascoli piceno,36,IT,1626374805,63,75.24,42.8548,13.5749,1.52,scattered clouds
583,meulaboh,100,ID,1626374805,90,75.92,4.1363,96.1285,4.32,overcast clouds
584,bereda,54,ES,1626374806,85,71.01,43.2686,-7.5406,7.05,broken clouds
585,sargatskoye,100,RU,1626374806,93,47.14,55.6101,73.4972,11.32,overcast clouds
586,chara,98,RU,1626374807,78,56.89,56.9064,118.2631,3.62,overcast clouds
587,abu zabad,100,SD,1626374807,54,83.34,12.35,29.25,9.53,overcast clouds
588,boa vista,75,BR,1626374808,62,85.98,2.8197,-60.6733,8.05,broken clouds
589,alausi,78,EC,1626374808,65,67.78,-2.2,-78.8333,3.96,light rain
590,santa cruz,90,BO,1626374808,82,63.86,-17.8,-63.1667,14.97,overcast clouds
591,acapulco,62,MX,1626374542,70,85.23,16.8634,-99.8901,4.99,broken clouds
592,makinsk,70,KZ,1626374809,79,45.21,52.6292,70.4169,7.74,broken clouds
593,kruisfontein,1,ZA,1626374809,59,45.88,-34.0033,24.7314,4.16,clear sky
594,mattru,100,SL,1626374810,96,73.83,7.6244,-11.8332,3.4,moderate rain
595,andros town,6,BS,1626374810,65,85.96,24.7,-77.7667,15.79,clear sky
596,razole,98,IN,1626374811,88,78.91,16.4833,81.8333,5.79,overcast clouds
597,damietta,0,EG,1626374811,75,84.09,31.4165,31.8133,11.61,clear sky
598,ures,7,MX,1626374811,49,95.27,29.4333,-110.4,4.83,clear sky
599,taoudenni,34,ML,1626374812,12,107.91,22.6783,-3.9836,7.34,scattered clouds
600,ponta delgada,20,PT,1626374812,73,72.32,37.7333,-25.6667,5.75,few clouds
601,srednekolymsk,0,RU,1626374813,51,52.5,67.45,153.6833,4.16,clear sky
602,svetlaya,84,RU,1626374813,96,65.28,46.5389,138.3297,7.9,broken clouds
603,ostrovnoy,16,RU,1626374813,88,52.68,68.0531,39.5131,8.14,few clouds
604,kushiro,87,JP,1626374814,99,59.65,42.975,144.3747,3.31,overcast clouds
605,zhigansk,5,RU,1626374814,64,48.34,66.7697,123.3711,9.8,clear sky
606,san jose,20,US,1626374666,60,82.53,37.3394,-121.895,0.0,few clouds
607,maumere,100,ID,1626374815,72,77.74,-8.6199,122.2111,8.88,overcast clouds
608,along,100,IN,1626374815,98,75.43,28.1667,94.7667,0.69,overcast clouds
609,joshimath,98,IN,1626374816,92,72.05,30.5667,79.5667,0.87,overcast clouds
610,rawson,74,AR,1626374816,39,53.69,-43.3002,-65.1023,15.68,broken clouds
611,yar-sale,40,RU,1626374817,55,51.49,66.8333,70.8333,1.66,scattered clouds
612,viransehir,13,TR,1626374817,25,89.19,37.2353,39.7631,18.32,few clouds
613,hovd,1,MN,1626374817,34,69.28,48.0056,91.6419,3.67,clear sky
614,santa maria,75,BR,1626374818,82,61.9,-29.6842,-53.8069,8.05,broken clouds
615,dolinsk,99,RU,1626374818,97,66.06,47.35,142.8,7.14,overcast clouds
616,ishigaki,100,JP,1626374818,76,83.93,24.3448,124.1572,13.13,overcast clouds
617,tongliao,100,CN,1626374819,89,74.08,43.6125,122.2653,13.47,overcast clouds
618,siauliai,0,LT,1626374820,54,84.22,55.9333,23.3167,8.05,clear sky
619,luang prabang,88,LA,1626374762,99,72.72,19.8856,102.1347,1.72,overcast clouds
620,oktyabrskiy,15,RU,1626374820,63,64.89,54.4815,53.471,4.29,few clouds
621,harindanga,100,IN,1626374820,82,85.98,22.0383,88.3214,6.82,overcast clouds
622,saint augustine,1,US,1626374821,60,92.05,29.8947,-81.3145,6.91,clear sky
623,srandakan,13,ID,1626374821,80,74.37,-7.9386,110.2506,10.85,few clouds
624,sioux city,1,US,1626374677,51,79.92,42.5,-96.4003,4.0,clear sky
625,broome,1,US,1626374822,61,88.02,42.2506,-75.833,1.99,clear sky
626,jiblah,100,YE,1626374822,72,65.25,13.9216,44.1467,9.48,overcast clouds
627,kemin,100,KG,1626374823,72,64.45,42.7846,75.6892,3.27,light rain
628,arcata,90,US,1626374674,89,55.92,40.8665,-124.0828,3.0,overcast clouds
629,ganj muradabad,11,IN,1626374824,60,89.28,26.9667,80.1833,11.32,few clouds
630,cabo san lucas,0,MX,1626374671,62,95.61,22.8909,-109.9124,3.0,clear sky
631,namatanai,100,PG,1626374824,83,79.45,-3.6667,152.4333,7.85,overcast clouds
632,nicoya,22,CR,1626374825,65,89.15,10.1483,-85.452,5.46,few clouds
633,beatrice,90,US,1626374825,83,77.05,40.2681,-96.747,6.91,overcast clouds
634,raver,96,IN,1626374826,76,82.38,21.25,76.0333,11.74,overcast clouds
635,sitka,90,US,1626374802,72,57.09,57.0531,-135.33,6.91,light rain
636,cartagena del chaira,63,CO,1626374826,55,86.95,1.3349,-74.8429,1.95,broken clouds
637,takaka,100,NZ,1626374827,90,58.55,-40.85,172.8,16.96,moderate rain
638,najran,100,SA,1626374827,34,93.85,17.4924,44.1277,6.96,overcast clouds
639,muscle shoals,40,US,1626374827,57,91.85,34.7448,-87.6675,4.0,scattered clouds
640,bayamo,77,CU,1626374828,65,88.32,20.3792,-76.6433,9.26,light rain
641,mananjary,6,MG,1626374828,80,66.74,-21.2167,48.3333,3.29,clear sky
642,lupiro,98,TZ,1626374828,46,75.22,-8.3833,36.6667,3.09,overcast clouds
643,camacha,75,PT,1626374829,73,70.56,33.0833,-16.3333,10.36,broken clouds
644,nuevo progreso,51,MX,1626374829,58,89.6,23.1667,-97.95,10.27,light rain
645,sosnovo-ozerskoye,0,RU,1626374830,89,53.06,52.5249,111.5418,5.41,clear sky
646,progreso,31,MX,1626374830,67,85.35,21.2833,-89.6667,15.79,scattered clouds
647,levokumskoye,21,RU,1626374831,30,83.08,44.8219,44.6606,7.31,few clouds
648,bardsir,100,IR,1626374831,26,84.25,29.9227,56.5743,5.7,overcast clouds
649,tigre,20,AR,1626374831,60,62.29,-34.426,-58.5796,6.91,few clouds
650,huaibei,100,CN,1626374832,97,74.66,33.9744,116.7917,7.25,moderate rain
651,pipri,75,IN,1626374832,88,77.58,19.8,75.5333,0.0,haze
652,sinnamary,73,GF,1626374832,72,82.49,5.3833,-52.95,8.93,broken clouds
653,salcininkai,72,LT,1626374833,83,84.29,54.3,25.3833,1.14,broken clouds
654,boende,98,CD,1626374833,45,83.52,-0.2167,20.8667,3.11,overcast clouds
655,pedro ii,100,BR,1626374834,38,84.76,-4.4247,-41.4586,8.9,overcast clouds
656,maryville,40,US,1626374750,57,91.29,35.7565,-83.9705,1.01,scattered clouds
657,urumqi,0,CN,1626374834,34,77.95,43.801,87.6005,6.71,clear sky
658,vilyuysk,100,RU,1626374835,57,49.95,63.7553,121.6247,6.2,overcast clouds
659,vinukonda,100,IN,1626374835,83,77.9,16.05,79.75,6.55,overcast clouds
660,mana,92,GF,1626374836,82,81.01,5.6592,-53.7767,6.62,overcast clouds
661,hofn,100,IS,1626374836,90,49.95,64.2539,-15.2082,1.9,overcast clouds
662,kununurra,100,AU,1626374806,72,62.58,-15.7667,128.7333,5.75,overcast clouds
663,dunedin,100,NZ,1626374837,93,48.79,-45.8742,170.5036,18.39,light rain
664,yatou,100,CN,1626374837,95,75.15,37.15,122.3833,10.65,heavy intensity rain
665,vieques,40,PR,1626374837,62,89.85,18.425,-65.8329,19.57,scattered clouds
666,luanda,9,AO,1626374765,88,70.97,-8.8368,13.2343,15.79,clear sky
667,brewster,75,US,1626374838,65,90.91,41.3973,-73.6171,3.44,broken clouds
668,theodoriana,0,GR,1626374838,62,76.68,39.4356,21.21,1.1,clear sky
669,loandjili,75,CG,1626374839,88,73.51,-4.7561,11.8578,8.05,broken clouds
670,saint-georges,75,GD,1626374837,89,80.28,12.0564,-61.7485,18.41,broken clouds
671,gravdal,75,NO,1626374840,87,51.69,68.1214,13.5031,17.27,shower rain
672,tecoanapa,82,MX,1626374840,65,85.89,16.5167,-98.75,9.84,broken clouds
673,marawi,99,PH,1626374841,95,66.65,7.9986,124.2928,1.36,overcast clouds
674,waddan,0,LY,1626374841,26,92.46,29.1614,16.139,10.22,clear sky
675,kavaratti,100,IN,1626374842,79,82.6,10.5669,72.642,21.94,overcast clouds
676,havre-saint-pierre,1,CA,1626374842,78,70.16,50.2334,-63.5986,11.5,clear sky
677,kirkwood,75,US,1626374842,65,91.58,38.5834,-90.4068,1.01,broken clouds
678,ulundi,0,ZA,1626374843,87,49.86,-28.3352,31.4162,0.78,clear sky
679,shenjiamen,100,CN,1626374843,93,78.89,29.9576,122.298,15.23,overcast clouds
680,panjab,46,AF,1626374844,35,60.73,34.388,67.0233,5.48,scattered clouds
681,musafirkhana,98,IN,1626374844,67,86.92,26.3667,81.8,10.69,overcast clouds
682,margate,40,GB,1626374845,79,68.31,51.3813,1.3862,4.0,scattered clouds
683,halifax,90,CA,1626374577,91,69.69,44.6453,-63.5724,3.0,overcast clouds
684,grand gaube,3,MU,1626374845,72,72.0,-20.0064,57.6608,5.01,light rain
685,esil,100,KZ,1626374845,87,48.02,51.9556,66.4042,13.42,light rain
686,dibai,35,IN,1626374846,53,90.43,28.2167,78.25,10.07,scattered clouds
